id,question
[0],C++: int value in string array not changing when original value changes
[1],AngularJS 1.8 and ES6 modules: how to make an service or factory that “passes through” a class based API interface?
[2],Splitting a UTF-8 string into chunks
[3],Using K6 to test page speed between two URLs
[4],Tooltip only shows up when I write something in the textbox
[5],"This is my homework for computer science, i dont know how to print a variable from a subroutine, anyway here's my code:"
[6],How to Give Store procedure name dynamically in Talend tDBSP
[7],No reverse match with data that has / in it
[8],"Android Foreground Service Notification, timer resets when I change the text"
[9],How to display results of API on new page
[10],How to plot unevenly dated data
[11],Inside a function get the name of the argument passed to the function (the external name)
[12],GLM to Bullet Physics triangle mesh
[13],Why are images not changing even though I changed the src?
[14],The key specified is not a valid key for this encryption: Key size is not valid. Got key length of: 15
